Bottom Range Low,Bottom Range High,Top Range Low,Top Range High,Tokens,WETH Available
0.0000000007,0.0000000024,0.0000000024,0.0000000042,50000000,0.1222500000
0.0000000007,0.0000000016,0.0000000016,0.0000000024,50000000,0.2006250000
0.0000000024,0.0000000033,0.0000000033,0.0000000042,50000000,0.3667500000
0.0000000042,0.0000000366,0.0000000366,0.0000000690,200000000,7.3200000000
0.0000000042,0.0000000204,0.0000000204,0.0000000366,200000000,11.4000000000
0.0000000366,0.0000000528,0.0000000528,0.0000000690,200000000,21.9600000000